id,time,action,lender_pool,type
1652347660.1011157_fmp_twitter_streaming,1652347660.1011136,fmp_twitter_streaming,1,repack
1652347660.1608999_fmp_twitterddb,1652347660.1608984,fmp_twitterddb,1,repack
1652347660.2243357_fmp_comparefaces,1652347660.2243342,fmp_comparefaces,1,repack
1652347662.0328925_tcp_download_podcast,1652347662.0328891,tcp_download_podcast,1,repack
1652347662.5330052_tcp_upload_to_elasticsearch,1652347662.5330036,tcp_upload_to_elasticsearch,1,repack
1652347662.5337021_tcp_check_transcribe,1652347662.533701,tcp_check_transcribe,1,repack
1652347662.5958261_tcp_process_podcast_rss,1652347662.5958252,tcp_process_podcast_rss,1,repack
1652347669.6441696_tcp_download_podcast,1652347669.644168,tcp_download_podcast,1,create
1652347670.1347442_fmp_twitterddb,1652347670.1347425,fmp_twitterddb,1,create
1652347681.806809_cer_lambda,1652347681.8068078,cer_lambda,1,repack
1652347683.7212214_eo_gluerunner,1652347683.7212195,eo_gluerunner,1,repack
1652347692.2022948_cer_lambda,1652347692.2022932,cer_lambda,1,create
1652347696.980835_tcp_upload_to_elasticsearch,1652347696.9808333,tcp_upload_to_elasticsearch,1,create
1652347697.0575776_tcp_download_podcast,1652347697.0575762,tcp_download_podcast,1,create
1652347698.0413063_eo_ons3objectcreated,1652347698.0413046,eo_ons3objectcreated,1,repack
1652347698.1027875_eo_athenarunner,1652347698.1027865,eo_athenarunner,1,repack
1652347715.715116_eo_ons3objectcreated,1652347715.715115,eo_ons3objectcreated,1,create
1652347739.3929179_eo_athenarunner,1652347739.392916,eo_athenarunner,1,create
1652347739.7970757_fmp_twitter_streaming,1652347739.7970743,fmp_twitter_streaming,1,create
1652347739.8515868_eo_ons3objectcreated,1652347739.8515859,eo_ons3objectcreated,1,create
1652347740.0642507_eo_gluerunner,1652347740.0642483,eo_gluerunner,1,create
1652347855.5785763_tcp_check_transcribe,1652347855.5785751,tcp_check_transcribe,1,create
1652347855.601255_tcp_process_podcast_rss,1652347855.601254,tcp_process_podcast_rss,1,create
1652347908.2639587_tcp_download_podcast,1652347908.263957,tcp_download_podcast,1,create
1652347969.6714158_tcp_download_podcast,1652347969.671413,tcp_download_podcast,1,create
1652347970.1772346_tcp_check_transcribe,1652347970.177233,tcp_check_transcribe,1,create
1652347970.9272838_tcp_process_podcast_rss,1652347970.9272816,tcp_process_podcast_rss,1,create
1652347971.4623897_tcp_upload_to_elasticsearch,1652347971.4623883,tcp_upload_to_elasticsearch,1,create
1652347992.5165772_fmp_comparefaces,1652347992.5165758,fmp_comparefaces,1,create
1652348003.3625944_eo_athenarunner,1652348003.3625927,eo_athenarunner,1,create
1652348033.907449_fp_notification,1652348033.9074476,fp_notification,1,repack
1652348035.8895106_fp_conversion,1652348035.8895094,fp_conversion,1,repack
1652348062.5065217_fmp_twitterddb,1652348062.5065205,fmp_twitterddb,1,create
1652348077.9511302_cs_bot,1652348077.9511287,cs_bot,1,repack
1652348081.129832_fmp_twitter_streaming,1652348081.1298304,fmp_twitter_streaming,1,repack
1652348081.509224_fmp_twitterddb,1652348081.5092218,fmp_twitterddb,0,repack
1652348081.5213282_fmp_comparefaces,1652348081.5213268,fmp_comparefaces,0,repack
1652348083.5385044_fmp_twitterddb,1652348083.5385027,fmp_twitterddb,1,repack
1652348083.7139876_tcp_upload_to_elasticsearch,1652348083.7139852,tcp_upload_to_elasticsearch,1,repack
1652348084.1088014_tcp_process_podcast_rss,1652348084.1087997,tcp_process_podcast_rss,1,repack
1652348084.1740022_tcp_download_podcast,1652348084.174001,tcp_download_podcast,1,repack
1652348084.2589893_fmp_comparefaces,1652348084.2589877,fmp_comparefaces,1,repack
1652348084.3279963_tcp_check_transcribe,1652348084.3279948,tcp_check_transcribe,1,repack
1652348089.5653741_sc_delete_from_cart,1652348089.565373,sc_delete_from_cart,1,repack
1652348104.3290699_eo_gluerunner,1652348104.329068,eo_gluerunner,1,repack
1652348107.7913716_sc_checkout_cart,1652348107.7913702,sc_checkout_cart,1,repack
1652348107.9298384_sc_migrate_cart,1652348107.9298365,sc_migrate_cart,1,repack
1652348108.6378617_sc_add_to_cart,1652348108.6378603,sc_add_to_cart,1,repack
1652348108.7707803_sc_update_cart,1652348108.7707787,sc_update_cart,1,repack
1652348108.9095023_sc_list_cart,1652348108.9095006,sc_list_cart,1,repack
1652348111.2683244_sc_list_cart,1652348111.2683234,sc_list_cart,1,create
1652348118.300954_cer_lambda,1652348118.3009517,cer_lambda,1,repack
1652348118.4914489_eo_athenarunner,1652348118.4914472,eo_athenarunner,1,repack
1652348118.6868756_eo_ons3objectcreated,1652348118.6868742,eo_ons3objectcreated,1,repack
1652348120.5611007_eo_athenarunner,1652348120.5610995,eo_athenarunner,1,create
1652348126.9020293_cer_lambda,1652348126.902028,cer_lambda,1,create
1652348131.7479937_df_union,1652348131.7479916,df_union,1,repack
1652348132.068546_fmp_twitter_streaming,1652348132.0685437,fmp_twitter_streaming,1,create
1652348132.1940432_fmp_twitterddb,1652348132.194041,fmp_twitterddb,1,create
1652348132.3361611_fmp_comparefaces,1652348132.3361592,fmp_comparefaces,1,create
1652348170.3062243_sc_migrate_cart,1652348170.306223,sc_migrate_cart,1,create
1652348170.4126666_sc_update_cart,1652348170.4126656,sc_update_cart,1,create
1652348207.0158422_df_union,1652348207.0158408,df_union,1,create
1652348234.030126_cs_bot,1652348234.0301244,cs_bot,1,create
1652348247.884952_eo_gluerunner,1652348247.8849506,eo_gluerunner,1,create
1652348259.0771003_eo_ons3objectcreated,1652348259.077099,eo_ons3objectcreated,1,create
1652348293.4089346_sc_add_to_cart,1652348293.4089334,sc_add_to_cart,1,create
1652348293.4656296_sc_checkout_cart,1652348293.4656286,sc_checkout_cart,1,create
1652348326.4020643_eo_ons3objectcreated,1652348326.4020624,eo_ons3objectcreated,1,repack
1652348347.5617418_tcp_check_transcribe,1652348347.5617404,tcp_check_transcribe,1,create
1652348348.2770767_tcp_process_podcast_rss,1652348348.2770758,tcp_process_podcast_rss,1,create
1652348401.6347678_tcp_upload_to_elasticsearch,1652348401.6347663,tcp_upload_to_elasticsearch,1,create
1652348422.9143226_tcp_process_podcast_rss,1652348422.914321,tcp_process_podcast_rss,1,repack
1652348423.0263312_tcp_check_transcribe,1652348423.0263293,tcp_check_transcribe,1,repack
1652348423.0979826_tcp_upload_to_elasticsearch,1652348423.0979817,tcp_upload_to_elasticsearch,1,repack
1652348442.4946377_fmp_comparefaces,1652348442.494636,fmp_comparefaces,1,repack
1652348442.6953745_fmp_twitterddb,1652348442.6953733,fmp_twitterddb,1,repack
1652348477.0021248_eo_ons3objectcreated,1652348477.0021236,eo_ons3objectcreated,1,create
1652348499.4104543_fmp_comparefaces,1652348499.410453,fmp_comparefaces,1,create
1652348512.8627756_sc_delete_from_cart,1652348512.8627744,sc_delete_from_cart,1,create
1652348526.4141703_fmp_twitter_streaming,1652348526.4141688,fmp_twitter_streaming,1,repack
1652348538.4958305_cer_lambda,1652348538.4958293,cer_lambda,1,repack
1652348544.36146_eo_gluerunner,1652348544.3614585,eo_gluerunner,1,repack
1652348555.687381_tcp_check_transcribe,1652348555.6873796,tcp_check_transcribe,1,create
1652348555.810199_eo_gluerunner,1652348555.8101974,eo_gluerunner,1,create
1652348556.5672116_eo_athenarunner,1652348556.56721,eo_athenarunner,1,repack
1652348572.2162514_fmp_twitter_streaming,1652348572.2162504,fmp_twitter_streaming,1,create
1652348574.4576561_cer_lambda,1652348574.4576545,cer_lambda,1,create
1652348576.0658562_cs_bot,1652348576.0658548,cs_bot,1,repack
1652348584.4385026_fmp_comparefaces,1652348584.4385011,fmp_comparefaces,1,repack
1652348589.928195_sc_list_cart,1652348589.928193,sc_list_cart,1,repack
1652348590.0129142_sc_add_to_cart,1652348590.0129118,sc_add_to_cart,1,repack
1652348590.152188_sc_update_cart,1652348590.1521866,sc_update_cart,1,repack
1652348590.64256_sc_delete_from_cart,1652348590.6425579,sc_delete_from_cart,1,repack
1652348590.9676824_sc_checkout_cart,1652348590.967681,sc_checkout_cart,1,repack
1652348591.0401685_sc_migrate_cart,1652348591.0401673,sc_migrate_cart,1,repack
1652348593.0119154_sc_list_cart,1652348593.0119143,sc_list_cart,1,create
1652348593.4841728_tcp_upload_to_elasticsearch,1652348593.484171,tcp_upload_to_elasticsearch,1,create
1652348593.610681_sc_migrate_cart,1652348593.6106791,sc_migrate_cart,1,create
1652348593.6425188_fmp_comparefaces,1652348593.6425173,fmp_comparefaces,1,create
1652348593.7481716_sc_update_cart,1652348593.7481701,sc_update_cart,1,create
1652348640.9358752_eo_athenarunner,1652348640.935873,eo_athenarunner,1,create
1652348643.2346795_sc_checkout_cart,1652348643.2346783,sc_checkout_cart,1,create
1652348643.2629993_sc_add_to_cart,1652348643.2629979,sc_add_to_cart,1,create
1652348643.8565028_sc_delete_from_cart,1652348643.856501,sc_delete_from_cart,1,create
1652348655.0480556_sc_list_cart,1652348655.0480542,sc_list_cart,1,create
1652348664.1133425_fmp_twitterddb,1652348664.113341,fmp_twitterddb,1,repack
1652348676.1819508_tcp_download_podcast,1652348676.1819494,tcp_download_podcast,1,repack
1652348679.2740445_tcp_download_podcast,1652348679.274043,tcp_download_podcast,1,create
1652348681.8115318_cs_bot,1652348681.8115304,cs_bot,1,create
1652348684.175218_df_union,1652348684.1752167,df_union,1,repack
1652348690.6627283_df_union,1652348690.6627266,df_union,1,create
1652348710.399481_eo_ons3objectcreated,1652348710.3994799,eo_ons3objectcreated,1,repack
1652348718.0518615_tcp_download_podcast,1652348718.0518594,tcp_download_podcast,1,create
1652348719.3579106_tcp_process_podcast_rss,1652348719.3579087,tcp_process_podcast_rss,1,create
1652348719.8825183_tcp_upload_to_elasticsearch,1652348719.882517,tcp_upload_to_elasticsearch,1,create
1652348796.4982302_fmp_twitterddb,1652348796.4982285,fmp_twitterddb,1,create
1652348852.7945702_tcp_upload_to_elasticsearch,1652348852.7945685,tcp_upload_to_elasticsearch,1,repack
1652348853.0383906_tcp_check_transcribe,1652348853.0383892,tcp_check_transcribe,1,repack
1652348853.1787767_tcp_process_podcast_rss,1652348853.178775,tcp_process_podcast_rss,1,repack
1652348912.1710052_cer_lambda,1652348912.1710033,cer_lambda,1,repack
1652348914.541961_fmp_twitter_streaming,1652348914.5419593,fmp_twitter_streaming,1,repack
1652348917.4813588_fmp_twitter_streaming,1652348917.4813576,fmp_twitter_streaming,1,create
1652348946.3142002_sc_add_to_cart,1652348946.3141985,sc_add_to_cart,1,create
1652348946.4335845_sc_migrate_cart,1652348946.433582,sc_migrate_cart,1,create
1652348946.5147436_tcp_check_transcribe,1652348946.514742,tcp_check_transcribe,1,create
1652348947.2688344_sc_update_cart,1652348947.268833,sc_update_cart,1,create
1652348947.295259_eo_ons3objectcreated,1652348947.2952576,eo_ons3objectcreated,1,create
1652348947.3393633_cs_bot,1652348947.3393621,cs_bot,1,create
1652348947.6794422_tcp_process_podcast_rss,1652348947.6794407,tcp_process_podcast_rss,1,create
1652348948.3677936_sc_checkout_cart,1652348948.3677924,sc_checkout_cart,1,create
1652348948.5522912_sc_migrate_cart,1652348948.552289,sc_migrate_cart,1,create
1652348948.5712376_fmp_twitter_streaming,1652348948.5712368,fmp_twitter_streaming,1,create
1652348948.9857728_fmp_twitterddb,1652348948.9857705,fmp_twitterddb,1,create
1652348949.0978243_sc_add_to_cart,1652348949.0978227,sc_add_to_cart,1,create
1652348950.976132_fmp_comparefaces,1652348950.97613,fmp_comparefaces,1,repack
1652348951.0246687_eo_gluerunner,1652348951.024667,eo_gluerunner,1,repack
1652348971.8452306_cer_lambda,1652348971.8452294,cer_lambda,1,create
1652348978.233006_ep_warehouse_on_order_events,1652348978.2330043,ep_warehouse_on_order_events,1,repack
1652348978.7912602_fmp_comparefaces,1652348978.791259,fmp_comparefaces,1,create
1652348982.338103_ep_payment_process_payment,1652348982.3381014,ep_payment_process_payment,1,repack
1652348982.7574081_eo_athenarunner,1652348982.7574067,eo_athenarunner,1,repack
1652349006.5949802_eo_ons3objectcreated,1652349006.594979,eo_ons3objectcreated,1,repack
1652349008.121651_eo_athenarunner,1652349008.1216488,eo_athenarunner,1,create
1652349008.4817455_eo_ons3objectcreated,1652349008.4817436,eo_ons3objectcreated,1,create
1652349026.7982113_ep_warehouse_on_order_events,1652349026.7982101,ep_warehouse_on_order_events,1,create
1652349027.479823_sc_add_to_cart,1652349027.479822,sc_add_to_cart,1,create
1652349027.6025097_df_union,1652349027.6025085,df_union,1,create
1652349034.9426856_sc_list_cart,1652349034.9426844,sc_list_cart,1,repack
1652349046.1986716_cs_bot,1652349046.1986704,cs_bot,1,repack
1652349059.2903993_sc_list_cart,1652349059.2903976,sc_list_cart,1,create
1652349068.4259996_sc_add_to_cart,1652349068.4259973,sc_add_to_cart,1,repack
1652349068.5912423_sc_checkout_cart,1652349068.5912406,sc_checkout_cart,1,repack
1652349088.4660535_sc_update_cart,1652349088.4660518,sc_update_cart,1,repack
1652349088.6748102_sc_migrate_cart,1652349088.6748083,sc_migrate_cart,1,repack
1652349088.7398193_sc_delete_from_cart,1652349088.7398176,sc_delete_from_cart,1,repack
1652349091.6218398_ep_warehouse_on_order_events,1652349091.621838,ep_warehouse_on_order_events,1,create
1652349093.325477_ep_payment_process_payment,1652349093.325476,ep_payment_process_payment,1,create
1652349112.632967_tcp_download_podcast,1652349112.632965,tcp_download_podcast,1,repack
1652349118.2206836_fmp_twitterddb,1652349118.2206821,fmp_twitterddb,1,repack
1652349124.5235894_sc_checkout_cart,1652349124.523587,sc_checkout_cart,1,create
1652349124.6127741_sc_add_to_cart,1652349124.6127717,sc_add_to_cart,1,create
1652349124.7018473_sc_migrate_cart,1652349124.7018464,sc_migrate_cart,1,create
1652349124.8220136_sc_update_cart,1652349124.8220122,sc_update_cart,1,create
1652349125.198163_sc_delete_from_cart,1652349125.198161,sc_delete_from_cart,1,create
1652349190.3783455_df_union,1652349190.3783429,df_union,1,repack
1652349195.6211166_df_union,1652349195.621115,df_union,1,create
1652349273.6309955_df_union,1652349273.6309943,df_union,1,create
1652349288.5925682_fmp_comparefaces,1652349288.5925658,fmp_comparefaces,1,repack
1652349308.7224572_fmp_twitterddb,1652349308.7224548,fmp_twitterddb,1,create
1652349308.8474572_fmp_comparefaces,1652349308.847456,fmp_comparefaces,1,create
1652349322.6482184_fmp_twitter_streaming,1652349322.6482165,fmp_twitter_streaming,1,repack
1652349352.2606995_cer_lambda,1652349352.2606978,cer_lambda,1,repack
1652349356.6243994_eo_gluerunner,1652349356.6243978,eo_gluerunner,1,repack
1652349362.5944567_sc_list_cart,1652349362.594455,sc_list_cart,1,repack
1652349398.6426697_ep_warehouse_on_order_events,1652349398.642668,ep_warehouse_on_order_events,1,repack
1652349400.8175921_ep_payment_process_payment,1652349400.8175905,ep_payment_process_payment,1,repack
1652349400.987539_eo_athenarunner,1652349400.9875376,eo_athenarunner,1,repack
1652349409.3354282_eo_athenarunner,1652349409.3354273,eo_athenarunner,1,create
1652349420.4198637_tcp_download_podcast,1652349420.419862,tcp_download_podcast,1,repack
1652349422.9316719_tcp_upload_to_elasticsearch,1652349422.9316688,tcp_upload_to_elasticsearch,1,repack
1652349422.991298_tcp_process_podcast_rss,1652349422.9912968,tcp_process_podcast_rss,1,repack
1652349423.0603092_tcp_check_transcribe,1652349423.0603077,tcp_check_transcribe,1,repack
1652349426.947287_cer_lambda,1652349426.9472857,cer_lambda,1,create
1652349439.7384167_tcp_download_podcast,1652349439.7384145,tcp_download_podcast,1,create
1652349440.3136954_tcp_check_transcribe,1652349440.3136942,tcp_check_transcribe,1,create
1652349441.0148244_tcp_process_podcast_rss,1652349441.014822,tcp_process_podcast_rss,1,create
1652349441.4812853_tcp_upload_to_elasticsearch,1652349441.481284,tcp_upload_to_elasticsearch,1,create
1652349450.6677089_eo_ons3objectcreated,1652349450.667707,eo_ons3objectcreated,1,repack
1652349471.8456173_fmp_twitter_streaming,1652349471.845616,fmp_twitter_streaming,1,create
1652349481.6124635_eo_ons3objectcreated,1652349481.612462,eo_ons3objectcreated,1,create
1652349490.7163963_eo_gluerunner,1652349490.716395,eo_gluerunner,1,create
1652349568.426248_sc_list_cart,1652349568.426246,sc_list_cart,1,repack
1652349568.7696812_sc_add_to_cart,1652349568.7696793,sc_add_to_cart,1,repack
1652349568.861769_sc_checkout_cart,1652349568.8617678,sc_checkout_cart,1,repack
1652349569.0312817_sc_update_cart,1652349569.0312798,sc_update_cart,1,repack
1652349569.1057768_sc_migrate_cart,1652349569.1057746,sc_migrate_cart,1,repack
1652349570.3614228_sc_delete_from_cart,1652349570.3614213,sc_delete_from_cart,1,repack
1652349575.3552492_sc_list_cart,1652349575.3552475,sc_list_cart,1,create
1652349602.028762_sc_update_cart,1652349602.0287607,sc_update_cart,1,create
1652349608.3214178_fmp_twitterddb,1652349608.321416,fmp_twitterddb,1,repack
1652349626.8007355_df_union,1652349626.800734,df_union,1,repack
1652349629.823247_sc_checkout_cart,1652349629.8232453,sc_checkout_cart,1,create
1652349629.848701_sc_add_to_cart,1652349629.8486998,sc_add_to_cart,1,create
1652349629.9857616_sc_migrate_cart,1652349629.9857605,sc_migrate_cart,1,create
1652349631.6382308_sc_list_cart,1652349631.6382287,sc_list_cart,1,create
1652349662.7455952_eo_athenarunner,1652349662.7455935,eo_athenarunner,1,repack
1652349672.7035437_fmp_comparefaces,1652349672.7035422,fmp_comparefaces,1,repack
1652349677.4976144_tcp_check_transcribe,1652349677.4976127,tcp_check_transcribe,1,create
1652349687.4987938_eo_athenarunner,1652349687.4987922,eo_athenarunner,1,create
1652349721.996771_fmp_twitter_streaming,1652349721.99677,fmp_twitter_streaming,1,create
1652349722.004217_fmp_twitterddb,1652349722.0042155,fmp_twitterddb,1,create
1652349722.1660812_fmp_comparefaces,1652349722.1660802,fmp_comparefaces,1,create
1652349724.8475118_df_union,1652349724.8475106,df_union,1,repack
1652349734.7710671_df_union,1652349734.7710662,df_union,1,create
1652349760.774106_fmp_twitter_streaming,1652349760.7741048,fmp_twitter_streaming,1,repack
1652349770.7383845_fmp_comparefaces,1652349770.738383,fmp_comparefaces,1,repack
1652349772.770873_cer_lambda,1652349772.7708716,cer_lambda,1,repack
1652349788.3579538_eo_gluerunner,1652349788.3579526,eo_gluerunner,1,repack
1652349793.6527011_sc_delete_from_cart,1652349793.6526997,sc_delete_from_cart,1,create
1652349797.6956353_eo_gluerunner,1652349797.6956336,eo_gluerunner,1,create
1652349808.3199701_sc_delete_from_cart,1652349808.3199687,sc_delete_from_cart,1,create
1652349808.3230288_sc_add_to_cart,1652349808.3230276,sc_add_to_cart,1,create
1652349809.2010477_fmp_twitterddb,1652349809.2010462,fmp_twitterddb,1,create
1652349809.2204323_sc_update_cart,1652349809.2204313,sc_update_cart,1,create
1652349809.2336402_sc_migrate_cart,1652349809.233639,sc_migrate_cart,1,create
1652349809.4454935_cer_lambda,1652349809.4454923,cer_lambda,1,create
1652349810.0787199_eo_ons3objectcreated,1652349810.078718,eo_ons3objectcreated,1,repack
1652349810.3670516_sc_update_cart,1652349810.3670502,sc_update_cart,1,create
1652349810.4779088_tcp_upload_to_elasticsearch,1652349810.477907,tcp_upload_to_elasticsearch,1,create
1652349810.603193_sc_delete_from_cart,1652349810.6031919,sc_delete_from_cart,1,create
1652349810.9723532_sc_add_to_cart,1652349810.9723523,sc_add_to_cart,1,create
1652349817.8649178_eo_ons3objectcreated,1652349817.8649163,eo_ons3objectcreated,1,create
1652349840.7440724_ep_payment_validate,1652349840.7440712,ep_payment_validate,1,repack
1652349840.8119395_ep_users_sign_up,1652349840.8119385,ep_users_sign_up,1,repack
1652349842.3481958_ep_orders_on_event,1652349842.3481946,ep_orders_on_event,1,repack
1652349851.9486904_df_union,1652349851.948689,df_union,1,create
1652349855.0138044_tcp_check_transcribe,1652349855.013803,tcp_check_transcribe,1,repack
1652349857.7714636_sc_list_cart,1652349857.7714622,sc_list_cart,1,create
1652349858.1211417_sc_update_cart,1652349858.1211398,sc_update_cart,1,create
1652349877.34736_cer_lambda,1652349877.3473587,cer_lambda,1,create
1652349900.5442631_tcp_download_podcast,1652349900.5442617,tcp_download_podcast,1,repack
1652349902.5903976_tcp_upload_to_elasticsearch,1652349902.5903957,tcp_upload_to_elasticsearch,1,repack
1652349902.6646934_tcp_process_podcast_rss,1652349902.6646917,tcp_process_podcast_rss,1,repack
1652349904.3747928_tcp_download_podcast,1652349904.3747914,tcp_download_podcast,1,create
1652349905.6763062_tcp_process_podcast_rss,1652349905.6763043,tcp_process_podcast_rss,1,create
1652349906.1377587_tcp_upload_to_elasticsearch,1652349906.1377575,tcp_upload_to_elasticsearch,1,create
1652350000.2668529_fmp_comparefaces,1652350000.2668517,fmp_comparefaces,1,create
1652350011.594089_sc_list_cart,1652350011.594087,sc_list_cart,1,repack
1652350011.6562064_sc_update_cart,1652350011.6562045,sc_update_cart,1,repack
1652350058.7982976_sc_list_cart,1652350058.7982962,sc_list_cart,1,create
1652350066.0632532_fmp_twitterddb,1652350066.0632522,fmp_twitterddb,1,repack
1652350075.1921072_fmp_twitterddb,1652350075.192106,fmp_twitterddb,1,create
1652350088.8428261_eo_athenarunner,1652350088.842825,eo_athenarunner,1,repack
1652350116.758162_sc_checkout_cart,1652350116.75816,sc_checkout_cart,1,repack
1652350117.033737_sc_migrate_cart,1652350117.0337355,sc_migrate_cart,1,repack
1652350117.0892658_sc_add_to_cart,1652350117.0892646,sc_add_to_cart,1,repack
1652350118.4071758_sc_delete_from_cart,1652350118.4071739,sc_delete_from_cart,1,repack
1652350162.8995924_df_union,1652350162.8995907,df_union,1,repack
1652350167.023125_sc_migrate_cart,1652350167.0231228,sc_migrate_cart,1,create
1652350172.941673_fmp_comparefaces,1652350172.9416714,fmp_comparefaces,1,repack
1652350173.139976_fmp_twitter_streaming,1652350173.1399746,fmp_twitter_streaming,1,repack
1652350180.327403_df_union,1652350180.3274014,df_union,1,create
1652350183.5090425_fmp_twitter_streaming,1652350183.509041,fmp_twitter_streaming,1,create
1652350186.7874632_eo_athenarunner,1652350186.7874615,eo_athenarunner,1,create
1652350187.0478225_eo_ons3objectcreated,1652350187.0478206,eo_ons3objectcreated,1,create
1652350187.2214415_eo_gluerunner,1652350187.2214398,eo_gluerunner,1,create
1652350188.8982365_cer_lambda,1652350188.8982348,cer_lambda,1,repack
1652350192.5848174_ep_users_sign_up,1652350192.5848165,ep_users_sign_up,1,create
1652350193.5337367_ep_payment_validate,1652350193.5337355,ep_payment_validate,1,create
1652350195.5915983_ep_orders_on_event,1652350195.5915973,ep_orders_on_event,1,create
1652350236.2433834_sc_add_to_cart,1652350236.243382,sc_add_to_cart,1,create
1652350236.3094099_sc_checkout_cart,1652350236.3094084,sc_checkout_cart,1,create
1652350236.7834394_sc_delete_from_cart,1652350236.783438,sc_delete_from_cart,1,create
1652350238.8548129_eo_gluerunner,1652350238.854811,eo_gluerunner,1,repack
1652350248.7711813_tcp_check_transcribe,1652350248.7711797,tcp_check_transcribe,1,repack
1652350248.9918616_eo_ons3objectcreated,1652350248.9918602,eo_ons3objectcreated,1,repack
1652350251.938717_tcp_check_transcribe,1652350251.938716,tcp_check_transcribe,1,create
1652350276.270727_cer_lambda,1652350276.270726,cer_lambda,1,create
1652350281.4428155_fmp_comparefaces,1652350281.442814,fmp_comparefaces,1,create
1652350282.5067375_ep_users_sign_up,1652350282.5067358,ep_users_sign_up,1,repack
1652350284.4834533_ep_payment_validate,1652350284.4834516,ep_payment_validate,1,repack
1652350286.558361_ep_orders_on_event,1652350286.5583594,ep_orders_on_event,1,repack
1652350308.8514345_sc_list_cart,1652350308.8514328,sc_list_cart,1,repack
1652350315.8750913_ep_users_sign_up,1652350315.8750901,ep_users_sign_up,1,create
1652350316.8122756_ep_payment_validate,1652350316.8122742,ep_payment_validate,1,create
1652350318.8686626_ep_orders_on_event,1652350318.8686616,ep_orders_on_event,1,create
1652350327.0162566_fmp_twitter_streaming,1652350327.0162544,fmp_twitter_streaming,1,create
1652350375.129312_ep_orders_on_event,1652350375.129311,ep_orders_on_event,1,create
1652350418.590425_sc_update_cart,1652350418.5904233,sc_update_cart,1,repack
1652350443.446559_eo_ons3objectcreated,1652350443.4465573,eo_ons3objectcreated,1,create
1652350443.760356_eo_gluerunner,1652350443.760354,eo_gluerunner,1,create
1652350512.9171748_eo_athenarunner,1652350512.9171731,eo_athenarunner,1,repack
1652350514.9744484_fmp_twitter_streaming,1652350514.9744465,fmp_twitter_streaming,1,create
1652350515.5086067_sc_list_cart,1652350515.508605,sc_list_cart,1,create
1652350515.6655538_eo_athenarunner,1652350515.6655524,eo_athenarunner,1,create
1652350522.6239464_cer_lambda,1652350522.623945,cer_lambda,1,repack
1652350525.746448_tcp_check_transcribe,1652350525.7464461,tcp_check_transcribe,1,create
1652350525.9982781_sc_migrate_cart,1652350525.998277,sc_migrate_cart,1,create
1652350530.9033313_fmp_twitter_streaming,1652350530.90333,fmp_twitter_streaming,1,repack
1652350538.5720594_fmp_twitterddb,1652350538.572058,fmp_twitterddb,1,repack
1652350550.4526055_fmp_twitterddb,1652350550.4526045,fmp_twitterddb,1,create
1652350557.0511045_fmp_comparefaces,1652350557.051103,fmp_comparefaces,1,repack
1652350559.044693_df_union,1652350559.044691,df_union,1,repack
1652350561.517696_sc_checkout_cart,1652350561.5176945,sc_checkout_cart,1,repack
1652350561.6887975_sc_add_to_cart,1652350561.6887956,sc_add_to_cart,1,repack
1652350561.7408526_sc_migrate_cart,1652350561.7408514,sc_migrate_cart,1,repack
1652350562.7097487_sc_delete_from_cart,1652350562.7097473,sc_delete_from_cart,1,repack
1652350586.7649438_cer_lambda,1652350586.764943,cer_lambda,1,create
1652350596.9782171_eo_athenarunner,1652350596.9782157,eo_athenarunner,1,create
1652350627.5758905_sc_update_cart,1652350627.575889,sc_update_cart,1,create
1652350636.597901_fmp_comparefaces,1652350636.5978994,fmp_comparefaces,1,create
1652350669.0626502_eo_ons3objectcreated,1652350669.0626488,eo_ons3objectcreated,1,repack
1652350669.2154315_eo_gluerunner,1652350669.2154298,eo_gluerunner,1,repack
1652350676.7572637_df_union,1652350676.757262,df_union,1,repack
1652350681.313164_df_union,1652350681.3131626,df_union,1,create
1652350687.1921968_tcp_check_transcribe,1652350687.1921945,tcp_check_transcribe,1,repack
1652350695.8015642_sc_migrate_cart,1652350695.8015625,sc_migrate_cart,1,create
1652350703.2419715_ep_payment_validate,1652350703.2419693,ep_payment_validate,1,repack
1652350703.287789_ep_users_sign_up,1652350703.2877874,ep_users_sign_up,1,repack
1652350706.9189513_ep_orders_on_event,1652350706.9189498,ep_orders_on_event,1,repack
1652350716.7428215_tcp_download_podcast,1652350716.7428195,tcp_download_podcast,1,repack
1652350719.0357888_tcp_process_podcast_rss,1652350719.035787,tcp_process_podcast_rss,1,repack
1652350719.084782_tcp_upload_to_elasticsearch,1652350719.0847805,tcp_upload_to_elasticsearch,1,repack
1652350723.9407809_tcp_download_podcast,1652350723.9407794,tcp_download_podcast,1,create
1652350725.6973588_tcp_upload_to_elasticsearch,1652350725.697358,tcp_upload_to_elasticsearch,1,create
1652350734.180863_tcp_check_transcribe,1652350734.1808617,tcp_check_transcribe,1,create
1652350734.3136704_sc_add_to_cart,1652350734.3136692,sc_add_to_cart,1,create
1652350734.3705742_sc_checkout_cart,1652350734.3705735,sc_checkout_cart,1,create
1652350734.9763784_sc_delete_from_cart,1652350734.9763768,sc_delete_from_cart,1,create
1652350764.0615287_eo_gluerunner,1652350764.0615273,eo_gluerunner,1,create
1652350778.6967132_fmp_twitter_streaming,1652350778.696712,fmp_twitter_streaming,1,repack
1652350809.3716393_fmp_twitter_streaming,1652350809.371637,fmp_twitter_streaming,1,create
1652350809.4477954_tcp_upload_to_elasticsearch,1652350809.4477935,tcp_upload_to_elasticsearch,1,create
1652350809.4528432_tcp_download_podcast,1652350809.452842,tcp_download_podcast,1,create
1652350809.9185765_eo_ons3objectcreated,1652350809.9185746,eo_ons3objectcreated,1,create
1652350809.9574318_fmp_twitterddb,1652350809.9574296,fmp_twitterddb,1,create
1652350809.963843_sc_update_cart,1652350809.9638422,sc_update_cart,1,create
1652350810.2686005_cer_lambda,1652350810.268599,cer_lambda,1,create
1652350810.8939269_eo_ons3objectcreated,1652350810.8939257,eo_ons3objectcreated,1,create
1652350811.1454854_sc_update_cart,1652350811.1454835,sc_update_cart,1,create
1652350811.1840596_tcp_upload_to_elasticsearch,1652350811.184058,tcp_upload_to_elasticsearch,1,create
1652350811.4521544_fmp_twitterddb,1652350811.4521525,fmp_twitterddb,1,create
1652350811.6195946_sc_add_to_cart,1652350811.6195934,sc_add_to_cart,1,create
1652350811.6232035_sc_delete_from_cart,1652350811.6232026,sc_delete_from_cart,1,create
1652350833.9661224_sc_update_cart,1652350833.9661212,sc_update_cart,1,create
1652350837.6586218_fmp_twitter_streaming,1652350837.65862,fmp_twitter_streaming,1,create
1652350844.6869888_sc_list_cart,1652350844.6869876,sc_list_cart,1,repack
1652350861.0656297_sc_update_cart,1652350861.065628,sc_update_cart,1,repack
1652350862.6968324_ep_payment_validate,1652350862.6968307,ep_payment_validate,1,repack
1652350905.776958_df_union,1652350905.7769566,df_union,1,create
1652350913.0193439_fmp_comparefaces,1652350913.0193424,fmp_comparefaces,1,repack
1652350921.018197_eo_ons3objectcreated,1652350921.0181952,eo_ons3objectcreated,1,repack
1652350925.0265884_eo_athenarunner,1652350925.0265865,eo_athenarunner,1,repack
1652350941.142313_eo_athenarunner,1652350941.142312,eo_athenarunner,1,create
1652350944.7466817_cer_lambda,1652350944.74668,cer_lambda,1,repack
1652350959.7201567_eo_ons3objectcreated,1652350959.7201552,eo_ons3objectcreated,1,create
1652350976.307402_sc_list_cart,1652350976.3074005,sc_list_cart,1,create
1652350976.8218315_sc_migrate_cart,1652350976.8218296,sc_migrate_cart,1,create
1652350976.916277_sc_update_cart,1652350976.9162757,sc_update_cart,1,create
1652350987.0450735_df_union,1652350987.0450716,df_union,1,repack
1652350987.3558857_eo_gluerunner,1652350987.3558843,eo_gluerunner,1,create
1652350987.4394171_tcp_download_podcast,1652350987.4394157,tcp_download_podcast,1,create
1652350992.8380985_tcp_check_transcribe,1652350992.838097,tcp_check_transcribe,1,repack
1652350993.8471947_tcp_check_transcribe,1652350993.8471925,tcp_check_transcribe,1,create
1652351001.4767385_sc_migrate_cart,1652351001.476737,sc_migrate_cart,1,repack
1652351021.7880375_fmp_comparefaces,1652351021.7880363,fmp_comparefaces,1,create
1652351022.5342016_sc_add_to_cart,1652351022.5342,sc_add_to_cart,1,repack
1652351022.6807446_sc_checkout_cart,1652351022.6807435,sc_checkout_cart,1,repack
1652351030.1420586_tcp_check_transcribe,1652351030.1420565,tcp_check_transcribe,1,create
1652351032.376194_cer_lambda,1652351032.3761928,cer_lambda,1,create
1652351067.6256914_sc_checkout_cart,1652351067.6256902,sc_checkout_cart,1,create
1652351067.646104_sc_add_to_cart,1652351067.6461027,sc_add_to_cart,1,create
1652351076.7637665_fmp_twitterddb,1652351076.763765,fmp_twitterddb,1,repack
1652351117.1381032_eo_gluerunner,1652351117.1381018,eo_gluerunner,1,repack
1652351126.8538127_fmp_twitterddb,1652351126.8538113,fmp_twitterddb,1,create
1652351201.141129_eo_athenarunner,1652351201.1411276,eo_athenarunner,1,repack
1652351225.1396406_fmp_twitter_streaming,1652351225.139639,fmp_twitter_streaming,1,repack
1652351234.879922_tcp_download_podcast,1652351234.8799198,tcp_download_podcast,1,repack
1652351236.8524399_tcp_upload_to_elasticsearch,1652351236.8524373,tcp_upload_to_elasticsearch,1,repack
1652351239.4619236_tcp_download_podcast,1652351239.4619105,tcp_download_podcast,1,create
1652351241.19858_tcp_upload_to_elasticsearch,1652351241.1985786,tcp_upload_to_elasticsearch,1,create
1652351244.634259_ep_payment_validate,1652351244.6342576,ep_payment_validate,1,create
1652351245.5816665_fmp_twitter_streaming,1652351245.5816648,fmp_twitter_streaming,1,create
1652351283.1713474_ep_payment_validate,1652351283.1713457,ep_payment_validate,1,repack
1652351285.0955265_sc_update_cart,1652351285.0955245,sc_update_cart,1,repack
1652351315.4746683_ep_payment_validate,1652351315.4746668,ep_payment_validate,1,create
1652351322.4075246_eo_athenarunner,1652351322.4075234,eo_athenarunner,1,create
1652351335.056007_sc_delete_from_cart,1652351335.056005,sc_delete_from_cart,1,repack
1652351335.1002438_sc_list_cart,1652351335.1002421,sc_list_cart,1,repack
1652351345.1687744_fmp_comparefaces,1652351345.1687727,fmp_comparefaces,1,repack
1652351364.3820379_sc_update_cart,1652351364.3820364,sc_update_cart,1,create
1652351364.8536153_sc_delete_from_cart,1652351364.8536143,sc_delete_from_cart,1,create
1652351365.5781221_tcp_download_podcast,1652351365.5781207,tcp_download_podcast,1,create
1652351366.52397_tcp_check_transcribe,1652351366.5239685,tcp_check_transcribe,1,create
1652351367.2801826_tcp_upload_to_elasticsearch,1652351367.2801814,tcp_upload_to_elasticsearch,1,create
1652351367.962017_fmp_comparefaces,1652351367.9620156,fmp_comparefaces,1,create
1652351371.1280458_eo_ons3objectcreated,1652351371.1280446,eo_ons3objectcreated,1,repack
1652351380.8953626_eo_ons3objectcreated,1652351380.8953614,eo_ons3objectcreated,1,create
1652351390.8313298_cer_lambda,1652351390.8313282,cer_lambda,1,repack
1652351429.3108637_tcp_check_transcribe,1652351429.310862,tcp_check_transcribe,1,repack
1652351435.4329357_cer_lambda,1652351435.4329343,cer_lambda,1,create
1652351464.3894696_tcp_check_transcribe,1652351464.3894682,tcp_check_transcribe,1,create
1652351505.2334783_sc_add_to_cart,1652351505.233477,sc_add_to_cart,1,repack
1652351505.455005_sc_migrate_cart,1652351505.455003,sc_migrate_cart,1,repack
1652351505.5203412_sc_checkout_cart,1652351505.52034,sc_checkout_cart,1,repack
1652351527.0816767_df_union,1652351527.081675,df_union,1,repack
1652351536.1956506_sc_migrate_cart,1652351536.195649,sc_migrate_cart,1,create
1652351541.4209988_df_union,1652351541.4209976,df_union,1,create
1652351543.215866_eo_gluerunner,1652351543.2158642,eo_gluerunner,1,repack
1652351551.2046187_eo_athenarunner,1652351551.2046177,eo_athenarunner,1,repack
1652351564.5256064_fmp_twitterddb,1652351564.5256052,fmp_twitterddb,1,repack
1652351604.5053709_eo_athenarunner,1652351604.5053694,eo_athenarunner,1,create
1652351609.2960982_eo_gluerunner,1652351609.296097,eo_gluerunner,1,create
1652351657.2424538_sc_update_cart,1652351657.242452,sc_update_cart,1,repack
1652351658.754357_sc_list_cart,1652351658.7543552,sc_list_cart,1,create
1652351658.9685063_sc_add_to_cart,1652351658.968505,sc_add_to_cart,1,create
1652351658.9973257_sc_checkout_cart,1652351658.9973245,sc_checkout_cart,1,create
1652351659.4305437_fmp_comparefaces,1652351659.4305422,fmp_comparefaces,1,repack
1652351663.0620687_fmp_twitter_streaming,1652351663.0620673,fmp_twitter_streaming,1,repack
1652351673.352094_tcp_download_podcast,1652351673.3520923,tcp_download_podcast,1,repack
1652351675.4077294_tcp_upload_to_elasticsearch,1652351675.4077282,tcp_upload_to_elasticsearch,1,repack
1652351734.830267_fmp_twitter_streaming,1652351734.830265,fmp_twitter_streaming,1,create
1652351771.1705077_fmp_twitterddb,1652351771.1705062,fmp_twitterddb,1,create
1652351771.2080007_fmp_comparefaces,1652351771.2079995,fmp_comparefaces,1,create
1652351787.5382378_df_union,1652351787.538236,df_union,1,create
1652351787.5640757_sc_update_cart,1652351787.5640743,sc_update_cart,1,create
1652351787.71764_tcp_download_podcast,1652351787.7176387,tcp_download_podcast,1,create
1652351788.2902677_sc_add_to_cart,1652351788.290266,sc_add_to_cart,1,create
1652351788.32896_fmp_twitter_streaming,1652351788.3289583,fmp_twitter_streaming,1,create
1652351788.413664_eo_ons3objectcreated,1652351788.4136622,eo_ons3objectcreated,1,create
1652351788.4734578_sc_checkout_cart,1652351788.473456,sc_checkout_cart,1,create
1652351789.54764_sc_add_to_cart,1652351789.5476377,sc_add_to_cart,1,create
1652351789.6754985_fmp_twitter_streaming,1652351789.6754973,fmp_twitter_streaming,1,create
1652351789.6892016_eo_athenarunner,1652351789.6891997,eo_athenarunner,1,create
1652351790.153962_sc_migrate_cart,1652351790.1539602,sc_migrate_cart,1,create
1652351790.1761577_eo_ons3objectcreated,1652351790.1761565,eo_ons3objectcreated,1,create
1652351795.3285918_eo_ons3objectcreated,1652351795.3285902,eo_ons3objectcreated,1,repack
1652351797.0556157_eo_ons3objectcreated,1652351797.0556145,eo_ons3objectcreated,1,create
1652351811.2728522_cer_lambda,1652351811.2728508,cer_lambda,1,repack
1652351817.6298144_tcp_check_transcribe,1652351817.629813,tcp_check_transcribe,1,repack
1652351820.9784005_ep_warehouse_table_update,1652351820.9783993,ep_warehouse_table_update,1,repack
1652351822.9983616_ep_payment_update_payment,1652351822.9983604,ep_payment_update_payment,1,repack
1652351847.0187593_sc_list_cart,1652351847.0187573,sc_list_cart,1,repack
1652351848.911489_sc_delete_from_cart,1652351848.9114876,sc_delete_from_cart,1,repack
1652351855.7759473_sc_delete_from_cart,1652351855.7759457,sc_delete_from_cart,1,create
1652351856.8073635_cer_lambda,1652351856.807362,cer_lambda,1,create
1652351879.9565911_sc_list_cart,1652351879.9565902,sc_list_cart,1,create
1652351925.3635423_eo_athenarunner,1652351925.3635404,eo_athenarunner,1,repack
1652351952.1311982_sc_migrate_cart,1652351952.131197,sc_migrate_cart,1,repack
1652351952.1737728_sc_add_to_cart,1652351952.1737716,sc_add_to_cart,1,repack
1652351952.2434714_sc_checkout_cart,1652351952.2434702,sc_checkout_cart,1,repack
1652351977.0550659_tcp_download_podcast,1652351977.0550642,tcp_download_podcast,1,repack
1652351978.1928225_tcp_download_podcast,1652351978.192821,tcp_download_podcast,1,create
1652351979.1747448_tcp_upload_to_elasticsearch,1652351979.1747434,tcp_upload_to_elasticsearch,0,repack
1652351979.916511_tcp_upload_to_elasticsearch,1652351979.9165096,tcp_upload_to_elasticsearch,1,create
1652351984.9494503_eo_gluerunner,1652351984.949449,eo_gluerunner,1,repack
1652352003.8045962_eo_athenarunner,1652352003.8045948,eo_athenarunner,1,create
1652352026.3911588_eo_gluerunner,1652352026.3911572,eo_gluerunner,1,create
1652352027.3471308_fmp_comparefaces,1652352027.3471293,fmp_comparefaces,1,repack
1652352032.9849255_fmp_twitterddb,1652352032.984924,fmp_twitterddb,1,repack
1652352056.3081062_fmp_twitterddb,1652352056.3081048,fmp_twitterddb,1,create
1652352056.452144_fmp_comparefaces,1652352056.4521425,fmp_comparefaces,1,create
1652352083.6550534_tcp_check_transcribe,1652352083.6550512,tcp_check_transcribe,1,create
1652352084.9136732_tcp_upload_to_elasticsearch,1652352084.913672,tcp_upload_to_elasticsearch,1,create
1652352111.4498725_fmp_twitter_streaming,1652352111.4498708,fmp_twitter_streaming,1,repack
1652352114.5833163_sc_migrate_cart,1652352114.583315,sc_migrate_cart,1,create
1652352115.586912_tcp_check_transcribe,1652352115.5869107,tcp_check_transcribe,1,repack
1652352119.1174295_tcp_process_podcast_rss,1652352119.1174283,tcp_process_podcast_rss,1,repack
1652352125.6731298_tcp_check_transcribe,1652352125.6731281,tcp_check_transcribe,1,create
1652352131.1902146_df_union,1652352131.1902132,df_union,1,repack
1652352144.880638_df_union,1652352144.8806365,df_union,1,create
1652352147.314994_sc_checkout_cart,1652352147.3149924,sc_checkout_cart,1,create
1652352147.3851187_sc_add_to_cart,1652352147.3851178,sc_add_to_cart,1,create
1652352154.124305_fmp_twitter_streaming,1652352154.1243036,fmp_twitter_streaming,1,create
1652352174.7776258_ep_warehouse_table_update,1652352174.7776244,ep_warehouse_table_update,1,create
1652352175.6736896_ep_payment_update_payment,1652352175.6736884,ep_payment_update_payment,1,create
1652352191.3434389_eo_ons3objectcreated,1652352191.3434377,eo_ons3objectcreated,1,create
1652352191.711118_eo_gluerunner,1652352191.7111166,eo_gluerunner,1,create
1652352193.012473_sc_update_cart,1652352193.0124714,sc_update_cart,1,repack
1652352197.240003_sc_update_cart,1652352197.2400017,sc_update_cart,1,create
1652352231.359933_eo_ons3objectcreated,1652352231.359931,eo_ons3objectcreated,1,repack
1652352241.5613623_ep_payment_update_payment,1652352241.561361,ep_payment_update_payment,1,repack
1652352241.7351773_ep_warehouse_table_update,1652352241.7351756,ep_warehouse_table_update,1,repack
1652352251.1197994_cer_lambda,1652352251.119798,cer_lambda,1,repack
1652352253.0719755_sc_list_cart,1652352253.071974,sc_list_cart,1,create
1652352282.9161587_cer_lambda,1652352282.9161568,cer_lambda,1,create
1652352317.0836678_sc_list_cart,1652352317.0836658,sc_list_cart,1,repack
1652352319.0493994_sc_delete_from_cart,1652352319.0493972,sc_delete_from_cart,1,repack
1652352348.5031292_tcp_process_podcast_rss,1652352348.503128,tcp_process_podcast_rss,1,create
1652352353.4246767_eo_athenarunner,1652352353.4246752,eo_athenarunner,1,repack
1652352411.6336846_tcp_upload_to_elasticsearch,1652352411.6336837,tcp_upload_to_elasticsearch,1,repack
1652352421.4628286_fmp_comparefaces,1652352421.462827,fmp_comparefaces,1,repack
1652352433.4872544_eo_gluerunner,1652352433.4872522,eo_gluerunner,1,repack
1652352433.6740508_fmp_comparefaces,1652352433.6740496,fmp_comparefaces,1,create
1652352455.0668802_eo_athenarunner,1652352455.0668788,eo_athenarunner,1,create
1652352464.445014_sc_delete_from_cart,1652352464.4450128,sc_delete_from_cart,1,create
1652352469.2241151_tcp_download_podcast,1652352469.2241137,tcp_download_podcast,1,repack
1652352471.4741328_tcp_download_podcast,1652352471.4741313,tcp_download_podcast,1,create
1652352531.3856862_sc_migrate_cart,1652352531.3856847,sc_migrate_cart,1,repack
1652352531.6191473_sc_checkout_cart,1652352531.6191463,sc_checkout_cart,1,repack
1652352531.6801484_sc_add_to_cart,1652352531.6801474,sc_add_to_cart,1,repack
1652352535.7519736_tcp_upload_to_elasticsearch,1652352535.7519722,tcp_upload_to_elasticsearch,1,repack
1652352535.9460063_tcp_check_transcribe,1652352535.9460046,tcp_check_transcribe,1,repack
1652352541.7992728_tcp_upload_to_elasticsearch,1652352541.7992713,tcp_upload_to_elasticsearch,1,create
1652352551.8463023_fmp_twitter_streaming,1652352551.8463,fmp_twitter_streaming,1,repack
1652352552.7878804_fmp_twitterddb,1652352552.7878795,fmp_twitterddb,1,repack
1652352555.5694451_tcp_process_podcast_rss,1652352555.5694432,tcp_process_podcast_rss,1,repack
1652352555.5892875_fmp_twitter_streaming,1652352555.5892863,fmp_twitter_streaming,1,create
1652352555.7197669_fmp_twitterddb,1652352555.7197652,fmp_twitterddb,1,create
1652352566.2437057_sc_list_cart,1652352566.243704,sc_list_cart,1,create
1652352566.7116082_sc_add_to_cart,1652352566.711607,sc_add_to_cart,1,create
1652352566.8058348_sc_checkout_cart,1652352566.8058336,sc_checkout_cart,1,create
1652352566.811317_sc_migrate_cart,1652352566.8113165,sc_migrate_cart,1,create
1652352571.2649446_tcp_process_podcast_rss,1652352571.2649431,tcp_process_podcast_rss,1,create
1652352645.514327_eo_ons3objectcreated,1652352645.5143251,eo_ons3objectcreated,1,repack
1652352647.509326_eo_ons3objectcreated,1652352647.509325,eo_ons3objectcreated,1,create
1652352647.6386695_eo_athenarunner,1652352647.638668,eo_athenarunner,1,repack
1652352653.1323688_eo_athenarunner,1652352653.1323676,eo_athenarunner,1,create
1652352661.1801026_sc_update_cart,1652352661.180101,sc_update_cart,1,repack
1652352671.5327418_cer_lambda,1652352671.5327404,cer_lambda,1,repack
1652352687.4287796_cer_lambda,1652352687.428778,cer_lambda,1,create
1652352733.1344268_sc_update_cart,1652352733.1344259,sc_update_cart,1,create
1652352753.3112352_df_union,1652352753.3112338,df_union,1,repack
1652352761.9633126_tcp_check_transcribe,1652352761.9633117,tcp_check_transcribe,1,create
1652352765.2021525_sc_list_cart,1652352765.2021508,sc_list_cart,1,repack
1652352767.2051215_sc_delete_from_cart,1652352767.20512,sc_delete_from_cart,1,repack
1652352783.1960602_sc_delete_from_cart,1652352783.1960583,sc_delete_from_cart,1,create
1652352787.8471758_fmp_twitterddb,1652352787.8471742,fmp_twitterddb,1,create
1652352788.4691362_sc_migrate_cart,1652352788.4691348,sc_migrate_cart,1,create
1652352788.5939765_tcp_check_transcribe,1652352788.5939748,tcp_check_transcribe,1,create
1652352799.6339543_tcp_check_transcribe,1652352799.6339529,tcp_check_transcribe,1,repack
1652352854.6024268_df_union,1652352854.6024258,df_union,1,create
1652352857.625312_fmp_comparefaces,1652352857.6253104,fmp_comparefaces,1,repack
1652352873.5584805_eo_gluerunner,1652352873.5584788,eo_gluerunner,1,repack
1652352878.3070073_sc_checkout_cart,1652352878.3070052,sc_checkout_cart,1,create
1652352878.443784_tcp_download_podcast,1652352878.443782,tcp_download_podcast,1,create
1652352879.3402474_sc_migrate_cart,1652352879.3402455,sc_migrate_cart,1,create
1652352879.363439_df_union,1652352879.363437,df_union,1,create
1652352879.4440742_sc_update_cart,1652352879.4440727,sc_update_cart,1,create
1652352879.5632842_fmp_twitterddb,1652352879.5632832,fmp_twitterddb,1,create
1652352879.5817134_fmp_twitter_streaming,1652352879.581711,fmp_twitter_streaming,1,repack
1652352880.3484523_sc_migrate_cart,1652352880.3484507,sc_migrate_cart,1,create
1652352880.4166033_sc_list_cart,1652352880.4166024,sc_list_cart,1,create
1652352880.4203537_eo_gluerunner,1652352880.4203525,eo_gluerunner,1,create
1652352880.9810169_tcp_check_transcribe,1652352880.981015,tcp_check_transcribe,1,create
1652352881.0972586_tcp_download_podcast,1652352881.0972571,tcp_download_podcast,1,create
1652352909.2126102_ep_products_table_update,1652352909.2126088,ep_products_table_update,1,repack
1652352913.2244568_ep_orders_on_event,1652352913.2244554,ep_orders_on_event,1,repack
1652352921.5116532_fmp_twitter_streaming,1652352921.5116518,fmp_twitter_streaming,1,create
1652352959.114222_eo_gluerunner,1652352959.1142209,eo_gluerunner,1,create
1652352959.177139_tcp_check_transcribe,1652352959.1771374,tcp_check_transcribe,1,create
1652353001.3606648_tcp_download_podcast,1652353001.360663,tcp_download_podcast,1,repack
1652353003.2974544_tcp_download_podcast,1652353003.2974527,tcp_download_podcast,1,create
1652353003.5103672_tcp_upload_to_elasticsearch,1652353003.5103652,tcp_upload_to_elasticsearch,1,repack
1652353004.8140485_tcp_upload_to_elasticsearch,1652353004.8140476,tcp_upload_to_elasticsearch,1,create
1652353006.456186_eo_ons3objectcreated,1652353006.4561849,eo_ons3objectcreated,1,create
1652353032.702903_ep_orders_on_event,1652353032.7029016,ep_orders_on_event,1,create
1652353041.7450998_eo_athenarunner,1652353041.7450984,eo_athenarunner,1,repack
1652353047.7041147_sc_checkout_cart,1652353047.7041137,sc_checkout_cart,1,repack
1652353047.9126155_sc_migrate_cart,1652353047.912614,sc_migrate_cart,1,repack
1652353047.9605918_sc_add_to_cart,1652353047.9605906,sc_add_to_cart,1,repack
1652353050.3170922_eo_athenarunner,1652353050.3170905,eo_athenarunner,1,create
1652353057.606196_sc_list_cart,1652353057.6061943,sc_list_cart,1,create
1652353057.9162307_sc_add_to_cart,1652353057.9162288,sc_add_to_cart,1,create
1652353058.0427554_sc_checkout_cart,1652353058.0427537,sc_checkout_cart,1,create
1652353058.0463214_sc_migrate_cart,1652353058.0463204,sc_migrate_cart,1,create
1652353065.3034666_fmp_twitterddb,1652353065.303465,fmp_twitterddb,1,repack
1652353081.5844684_eo_ons3objectcreated,1652353081.5844674,eo_ons3objectcreated,1,repack
1652353088.9972255_fmp_twitterddb,1652353088.9972236,fmp_twitterddb,1,create
1652353089.093871_fmp_comparefaces,1652353089.0938702,fmp_comparefaces,1,create
1652353095.3428326_cer_lambda,1652353095.3428311,cer_lambda,1,repack
1652353141.306528_sc_update_cart,1652353141.3065257,sc_update_cart,1,repack
1652353197.6478708_fmp_comparefaces,1652353197.6478689,fmp_comparefaces,1,repack
1652353200.0492096_sc_update_cart,1652353200.049208,sc_update_cart,1,create
1652353201.428604_df_union,1652353201.4286025,df_union,1,repack
1652353209.8962636_sc_list_cart,1652353209.8962617,sc_list_cart,1,repack
1652353211.3065517_sc_delete_from_cart,1652353211.3065498,sc_delete_from_cart,1,repack
1652353213.8267746_tcp_check_transcribe,1652353213.8267732,tcp_check_transcribe,1,repack
1652353254.1592188_cer_lambda,1652353254.159217,cer_lambda,1,create
1652353261.678936_fmp_twitter_streaming,1652353261.6789348,fmp_twitter_streaming,1,repack
1652353264.601249_sc_list_cart,1652353264.6012475,sc_list_cart,1,create
1652353265.508674_sc_delete_from_cart,1652353265.5086725,sc_delete_from_cart,1,create
1652353297.7202904_eo_gluerunner,1652353297.7202888,eo_gluerunner,1,repack
1652353302.7151365_fmp_twitter_streaming,1652353302.7151356,fmp_twitter_streaming,1,create
1652353344.8730245_eo_gluerunner,1652353344.8730233,eo_gluerunner,1,create
1652353347.1298392_fmp_comparefaces,1652353347.1298378,fmp_comparefaces,1,create
1652353350.283284_tcp_check_transcribe,1652353350.2832823,tcp_check_transcribe,1,create
1652353384.8647552_df_union,1652353384.8647535,df_union,1,create
1652353440.8589196_eo_gluerunner,1652353440.8589177,eo_gluerunner,1,create
1652353440.892016_sc_list_cart,1652353440.892014,sc_list_cart,1,create
1652353441.0118315_df_union,1652353441.0118303,df_union,1,create
1652353441.5715635_fmp_twitterddb,1652353441.5715618,fmp_twitterddb,1,create
1652353441.677023_fmp_twitter_streaming,1652353441.6770215,fmp_twitter_streaming,1,create
1652353441.7566087_sc_add_to_cart,1652353441.7566078,sc_add_to_cart,1,create
1652353441.924003_eo_athenarunner,1652353441.9240017,eo_athenarunner,1,create
1652353442.8038185_sc_delete_from_cart,1652353442.803817,sc_delete_from_cart,1,create
1652353442.9626932_df_union,1652353442.9626915,df_union,1,create
1652353443.2334323_sc_update_cart,1652353443.2334309,sc_update_cart,1,create
1652353443.490515_fmp_twitterddb,1652353443.4905133,fmp_twitterddb,1,repack
1652353457.716873_eo_ons3objectcreated,1652353457.7168717,eo_ons3objectcreated,1,repack
1652353458.9585624_eo_ons3objectcreated,1652353458.958561,eo_ons3objectcreated,1,create
1652353473.9931574_tcp_upload_to_elasticsearch,1652353473.9931555,tcp_upload_to_elasticsearch,1,repack
1652353474.0330913_tcp_download_podcast,1652353474.0330904,tcp_download_podcast,1,repack
1652353474.0737758_ep_payment_validate,1652353474.0737743,ep_payment_validate,1,repack
1652353475.4651806_tcp_upload_to_elasticsearch,1652353475.4651794,tcp_upload_to_elasticsearch,1,create
1652353475.5323856_ep_payment_update_payment,1652353475.5323842,ep_payment_update_payment,1,repack
1652353475.6041262_ep_payment_cancel_payment,1652353475.6041248,ep_payment_cancel_payment,1,repack
1652353476.5202174_tcp_download_podcast,1652353476.520216,tcp_download_podcast,1,create
1652353485.502057_tcp_check_transcribe,1652353485.502055,tcp_check_transcribe,1,repack
1652353487.7051563_eo_athenarunner,1652353487.7051551,eo_athenarunner,1,repack
1652353488.5841737_eo_athenarunner,1652353488.5841715,eo_athenarunner,1,create
1652353489.0032496_eo_ons3objectcreated,1652353489.0032487,eo_ons3objectcreated,1,create
1652353515.767718_cer_lambda,1652353515.767717,cer_lambda,1,repack
1652353521.0808797_fmp_twitterddb,1652353521.0808783,fmp_twitterddb,1,create
1652353571.8382888_fmp_comparefaces,1652353571.8382869,fmp_comparefaces,1,repack
1652353603.8155522_tcp_check_transcribe,1652353603.8155508,tcp_check_transcribe,1,create
1652353622.8144214_tcp_check_transcribe,1652353622.8144202,tcp_check_transcribe,1,create
1652353637.9702847_df_union,1652353637.9702835,df_union,1,repack
1652353661.8041296_fmp_twitter_streaming,1652353661.8041282,fmp_twitter_streaming,1,repack
1652353666.0605063_fmp_twitter_streaming,1652353666.0605052,fmp_twitter_streaming,1,create
1652353686.215474_df_union,1652353686.2154727,df_union,1,create
1652353694.3052108_fmp_comparefaces,1652353694.3052092,fmp_comparefaces,1,create
1652353711.354236_sc_add_to_cart,1652353711.3542342,sc_add_to_cart,1,repack
1652353711.4034808_sc_checkout_cart,1652353711.4034789,sc_checkout_cart,1,repack
1652353711.565253_sc_update_cart,1652353711.5652514,sc_update_cart,1,repack
1652353712.3918293_sc_list_cart,1652353712.391827,sc_list_cart,1,repack
1652353712.408518_sc_migrate_cart,1652353712.4085171,sc_migrate_cart,1,repack
1652353717.8599713_eo_gluerunner,1652353717.8599703,eo_gluerunner,1,repack
1652353741.1416304_cer_lambda,1652353741.141629,cer_lambda,1,create
1652353758.0453842_sc_add_to_cart,1652353758.0453827,sc_add_to_cart,1,create
1652353758.3256123_eo_gluerunner,1652353758.3256114,eo_gluerunner,1,create
1652353795.4934227_sc_delete_from_cart,1652353795.4934206,sc_delete_from_cart,1,repack
1652353815.419451_sc_migrate_cart,1652353815.4194496,sc_migrate_cart,1,create
1652353865.913642_eo_athenarunner,1652353865.9136405,eo_athenarunner,1,repack
1652353895.526471_sc_checkout_cart,1652353895.5264695,sc_checkout_cart,1,create
1652353895.6122577_sc_add_to_cart,1652353895.6122565,sc_add_to_cart,1,create
1652353895.908141_sc_delete_from_cart,1652353895.9081395,sc_delete_from_cart,1,create
1652353901.9831734_cer_lambda,1652353901.9831722,cer_lambda,1,repack
1652353904.8776052_cer_lambda,1652353904.8776038,cer_lambda,1,create
1652353905.8924923_eo_ons3objectcreated,1652353905.8924904,eo_ons3objectcreated,1,repack
1652353926.2796197_tcp_check_transcribe,1652353926.2796183,tcp_check_transcribe,1,repack
1652353941.6462266_fmp_twitterddb,1652353941.6462255,fmp_twitterddb,1,repack
1652353941.6469188_cer_lambda,1652353941.646917,cer_lambda,1,create
1652353941.6747823_sc_delete_from_cart,1652353941.6747808,sc_delete_from_cart,1,create
1652353972.0110807_fmp_comparefaces,1652353972.0110781,fmp_comparefaces,1,repack
1652353973.547222_fp_notification,1652353973.54722,fp_notification,1,repack
1652353975.7362537_tcp_download_podcast,1652353975.7362516,tcp_download_podcast,1,repack
1652353977.7363656_tcp_upload_to_elasticsearch,1652353977.7363641,tcp_upload_to_elasticsearch,1,repack
1652353980.58669_tcp_download_podcast,1652353980.5866888,tcp_download_podcast,1,create
1652353982.4080734_tcp_upload_to_elasticsearch,1652353982.4080722,tcp_upload_to_elasticsearch,1,create
1652354011.4810565_fmp_comparefaces,1652354011.4810555,fmp_comparefaces,1,create
1652354015.9063678_fmp_twitter_streaming,1652354015.9063659,fmp_twitter_streaming,1,repack
1652354018.0990093_fmp_twitter_streaming,1652354018.099008,fmp_twitter_streaming,1,create
1652354037.9175675_eo_athenarunner,1652354037.9175663,eo_athenarunner,1,create
1652354055.5940657_fmp_twitterddb,1652354055.5940647,fmp_twitterddb,1,create
1652354097.6784806_df_union,1652354097.6784785,df_union,1,repack
1652354123.3311005_sc_checkout_cart,1652354123.3310995,sc_checkout_cart,1,create
1652354124.1724148_sc_checkout_cart,1652354124.172413,sc_checkout_cart,1,create
1652354132.1839736_fmp_twitter_streaming,1652354132.1839724,fmp_twitter_streaming,1,create
1652354149.9560254_eo_gluerunner,1652354149.9560235,eo_gluerunner,1,repack
1652354160.0068884_fmp_twitter_streaming,1652354160.0068865,fmp_twitter_streaming,1,create
1652354173.6904032_tcp_check_transcribe,1652354173.6904016,tcp_check_transcribe,1,repack
1652354180.8135157_tcp_check_transcribe,1652354180.813514,tcp_check_transcribe,1,create
1652354195.7733264_tcp_process_podcast_rss,1652354195.7733247,tcp_process_podcast_rss,1,repack
1652354210.4919693_eo_athenarunner,1652354210.4919672,eo_athenarunner,1,repack
1652354210.5238144_eo_ons3objectcreated,1652354210.523813,eo_ons3objectcreated,1,repack
1652354232.276765_eo_ons3objectcreated,1652354232.276764,eo_ons3objectcreated,1,create
1652354241.5778267_cer_lambda,1652354241.577825,cer_lambda,1,repack
1652354280.084726_eo_athenarunner,1652354280.084725,eo_athenarunner,1,create
1652354284.5981948_tcp_process_podcast_rss,1652354284.5981932,tcp_process_podcast_rss,1,create
1652354285.0657585_tcp_upload_to_elasticsearch,1652354285.065757,tcp_upload_to_elasticsearch,1,create
1652354291.7007756_sc_migrate_cart,1652354291.7007742,sc_migrate_cart,1,repack
1652354291.984881_sc_delete_from_cart,1652354291.984879,sc_delete_from_cart,1,repack
1652354292.0596445_sc_checkout_cart,1652354292.059643,sc_checkout_cart,1,repack
1652354292.1214504_sc_add_to_cart,1652354292.1214488,sc_add_to_cart,1,repack
1652354323.5158007_cer_lambda,1652354323.5157986,cer_lambda,1,create
1652354357.2242005_tcp_download_podcast,1652354357.2241988,tcp_download_podcast,1,create
1652354357.566234_sc_add_to_cart,1652354357.5662322,sc_add_to_cart,1,create
1652354357.7558658_sc_migrate_cart,1652354357.7558646,sc_migrate_cart,1,create
1652354357.77439_sc_checkout_cart,1652354357.7743888,sc_checkout_cart,1,create
1652354358.0909476_sc_delete_from_cart,1652354358.0909462,sc_delete_from_cart,1,create
1652354359.9632854_fmp_comparefaces,1652354359.9632843,fmp_comparefaces,1,repack
1652354372.6532905_fmp_comparefaces,1652354372.6532893,fmp_comparefaces,1,create
1652354403.2821763_fmp_twitterddb,1652354403.282175,fmp_twitterddb,1,repack
1652354414.4034123_tcp_upload_to_elasticsearch,1652354414.403411,tcp_upload_to_elasticsearch,1,repack
1652354433.611205_fmp_twitterddb,1652354433.6112041,fmp_twitterddb,1,create
1652354462.0641143_fmp_twitter_streaming,1652354462.064113,fmp_twitter_streaming,1,repack
1652354467.7599263_tcp_download_podcast,1652354467.7599242,tcp_download_podcast,1,repack
1652354475.6532695_tcp_download_podcast,1652354475.6532679,tcp_download_podcast,1,create
1652354487.5468693_df_union,1652354487.5468676,df_union,1,create
1652354552.1658432_eo_gluerunner,1652354552.1658413,eo_gluerunner,1,repack
1652354584.060579_fmp_twitter_streaming,1652354584.0605764,fmp_twitter_streaming,1,repack
1652354595.693038_fmp_twitter_streaming,1652354595.6930363,fmp_twitter_streaming,1,create
1652354601.8087227_df_union,1652354601.808721,df_union,1,repack
1652354612.2110603_tcp_check_transcribe,1652354612.2110586,tcp_check_transcribe,1,repack
1652354635.9996018_eo_ons3objectcreated,1652354635.9996006,eo_ons3objectcreated,1,repack
1652354642.4354804_eo_ons3objectcreated,1652354642.4354784,eo_ons3objectcreated,1,create
1652354660.061315_eo_athenarunner,1652354660.061313,eo_athenarunner,1,repack
1652354661.2278774_eo_athenarunner,1652354661.2278762,eo_athenarunner,1,create
1652354662.1906912_cer_lambda,1652354662.1906898,cer_lambda,1,repack
1652354665.6853654_eo_ons3objectcreated,1652354665.6853642,eo_ons3objectcreated,1,create
1652354665.999382_eo_gluerunner,1652354665.9993808,eo_gluerunner,1,create
1652354682.0597944_cer_lambda,1652354682.059793,cer_lambda,1,create
1652354696.0224159_fmp_comparefaces,1652354696.0224147,fmp_comparefaces,1,repack
1652354721.8670704_tcp_process_podcast_rss,1652354721.8670695,tcp_process_podcast_rss,1,repack
1652354736.5871756_tcp_upload_to_elasticsearch,1652354736.587174,tcp_upload_to_elasticsearch,1,repack
1652354738.5955474_fmp_twitter_streaming,1652354738.5955458,fmp_twitter_streaming,1,create
1652354738.9568765_fmp_comparefaces,1652354738.9568753,fmp_comparefaces,1,create
1652354741.2565548_tcp_process_podcast_rss,1652354741.256553,tcp_process_podcast_rss,1,create
1652354741.7347963_tcp_upload_to_elasticsearch,1652354741.7347944,tcp_upload_to_elasticsearch,1,create
1652354749.801803_sc_delete_from_cart,1652354749.8018017,sc_delete_from_cart,1,repack
1652354802.0974584_sc_add_to_cart,1652354802.0974565,sc_add_to_cart,1,repack
1652354802.2985685_sc_checkout_cart,1652354802.2985663,sc_checkout_cart,1,repack
1652354802.3677914_sc_migrate_cart,1652354802.3677893,sc_migrate_cart,1,repack
1652354824.1060908_cer_lambda,1652354824.1060889,cer_lambda,1,repack
1652354856.0911467_fmp_twitterddb,1652354856.0911448,fmp_twitterddb,1,repack
1652354906.1916974_tcp_download_podcast,1652354906.1916957,tcp_download_podcast,1,repack
1652355002.0259442_eo_gluerunner,1652355002.0259426,eo_gluerunner,1,repack
1652355022.1076596_tcp_check_transcribe,1652355022.107658,tcp_check_transcribe,1,repack
