id,time,lender,renter
efcc3646461e4ddcad42b8261b6096be,1652347668.8812816,tcp_download_podcast,t_payment_method
7525b9247e3d4f3a8742598c4ca6335a,1652347669.4915679,fmp_twitterddb,t_ddb_encrypt_item
7883a94f516845b08d538c836f319f2d,1652347696.0484986,tcp_upload_to_elasticsearch,sc_update_cart
77639234bf7e4f8d8fe1ff7ecb7490f1,1652347696.0491462,tcp_download_podcast,sc_migrate_cart
03da59c645704e19b81986695ecee50f,1652347739.049852,fmp_twitter_streaming,eo_gluerunner
34d8bcb8c2c2410da58fa4cb33e02549,1652347854.6071713,tcp_process_podcast_rss,sc_add_to_cart
f6d7b0f1cd7848dea7f87b5853ed3682,1652347854.6078997,tcp_check_transcribe,sc_checkout_cart
b22d461033354b7494c295947918aaaa,1652347907.491807,tcp_download_podcast,sc_delete_from_cart
282cb0df42b74ad8bf86fc6a4b91dbf9,1652347991.8202739,fmp_comparefaces,cs_bot
e6b4e19e0d80470abae6063bc193c9c6,1652348002.6162665,eo_athenarunner,fp_sentiment
df7e5ff852c041929c3a32145d4763bb,1652348061.8396456,fmp_twitterddb,df_union
8f0b5476d2a846d18f1f8b758975ed9c,1652348592.633408,tcp_upload_to_elasticsearch,fmp_twitterddb
983f4f4d71704f47b65184ba9ef20fd0,1652348945.401886,sc_migrate_cart,ep_users_sign_up
e011b1926cb24c8f9198a9564e620603,1652348945.4031162,tcp_check_transcribe,ep_products_table_update
07448c5061d44ff7a9d144d5850e1a62,1652348945.4033647,sc_add_to_cart,ep_orders_create_order
47188b8a957b412a9df58c1183aaef99,1652348946.2262664,sc_update_cart,ep_payment_validate
8aa774a0c0ef4386b213fef72c75c75a,1652348946.2270973,eo_ons3objectcreated,ep_products_validate
6bf4c475468a4f0ea2b7326fc59c7065,1652348946.2286704,cs_bot,ep_delivery_on_package_created
4d86ee7b1f604aba9a0bcaffc149290a,1652348946.7078311,tcp_process_podcast_rss,ep_warehouse_table_update
ef691eaa2c7b4c6786b321b42dd31ce6,1652348947.4134982,sc_checkout_cart,ep_delivery_table_requests
1d304ca14e6f472fb9f739a6265d2672,1652348947.415077,fmp_twitter_streaming,ep_orders_table_update
e56cf1959f194674b33c1bf0d0826942,1652348947.4156718,sc_migrate_cart,ep_payment_cancel_payment
f94dcb2386f2476398eca2f3a9adf2e2,1652348947.8072236,fmp_twitterddb,ep_payment_update_payment
557a16d88835443dac6c3a5f2ceff905,1652348948.0297248,sc_add_to_cart,ep_orders_on_event
b0df198ee21c434da0244b31dae021af,1652349026.163223,ep_warehouse_on_order_events,fp_notification
53b755256bfc4734976065804c9cd549,1652349026.6543884,df_union,fp_conversion
e17ce54e210f461e98aa9b5ca3980087,1652349026.6552372,sc_add_to_cart,fp_sentiment
5fa737dfa4104f27b7e7bdcd41be106d,1652349630.9607134,sc_list_cart,cs_bot
24e7858f9f474872af88195c08c0fe9f,1652349807.4638572,sc_delete_from_cart,ep_products_table_update
9e3db9de512f4fb78a4df376ecaf4675,1652349807.464545,sc_add_to_cart,ep_orders_create_order
f7424ac0fc9146f4831fae0fcd98fb54,1652349808.2631478,sc_migrate_cart,ep_warehouse_on_order_events
b3c3aa5f4f2448f99851f1de57d232d8,1652349808.2639966,sc_update_cart,ep_delivery_on_package_created
c271348687664f949e92bd13ddbac08d,1652349808.2648137,fmp_twitterddb,ep_products_validate
01b40d2b89dc4ad78cf849bbdf07df79,1652349808.7477345,cer_lambda,ep_warehouse_table_update
9770d68374ce4a658c244ddd0edf10be,1652349809.4566226,tcp_upload_to_elasticsearch,ep_payment_cancel_payment
d4404e375f9745b3989cb659ece2c8b1,1652349809.457369,sc_update_cart,ep_orders_table_update
f8199d16ced9452da08ceec85c1eb4eb,1652349809.4581134,eo_ons3objectcreated,ep_delivery_table_requests
8e99bcc2d8e04a79ad2c5a6a5bea384d,1652349809.8537862,sc_delete_from_cart,ep_payment_update_payment
616945f101d34705aa85438d75fce7d5,1652349810.0680869,sc_add_to_cart,ep_payment_process_payment
70e482be43804c938d4159c689a7f3a3,1652350374.4595768,ep_orders_on_event,cs_bot
cab761f49e41427a96d55b83491ecac6,1652350514.254038,fmp_twitter_streaming,fp_notification
5e77dad8e0db45cbaabd371460e11a35,1652350514.7412636,sc_list_cart,fp_conversion
c2a1d363eb644e92acbcb9a9615fc280,1652350514.7418776,eo_athenarunner,fp_sentiment
6faa39da6e7f4c429e16d3c9ee941613,1652350525.376057,sc_migrate_cart,tcp_process_podcast_rss
bc0009733cd6479da5271d5bea9d212a,1652350733.3164058,tcp_check_transcribe,sc_list_cart
8d1c9c01f7da4ba49ae56af85ff2a9cc,1652350808.2056627,fmp_twitter_streaming,ep_products_table_update
e52c43a405ab4fcda04e32eec6e3e2fd,1652350808.2064028,tcp_download_podcast,ep_users_sign_up
a53b1a90b74441648be7143b725dbd82,1652350808.2071931,tcp_upload_to_elasticsearch,ep_orders_create_order
a950832d73d74902aa581ddebee693d4,1652350809.0010474,eo_ons3objectcreated,ep_warehouse_on_order_events
a76ac6e4d08446c0a356a474daa08983,1652350809.0017848,fmp_twitterddb,ep_products_validate
9b172d0cf26045d49886ebac84423c47,1652350809.002421,sc_update_cart,ep_delivery_on_package_created
b9e52989cead4511b2c6b127b75ff71e,1652350809.5150647,cer_lambda,ep_warehouse_table_update
d2ec5ce62b5f4abf8589f75fe3a34633,1652350810.1889298,eo_ons3objectcreated,ep_delivery_table_requests
87e8ea605b494ae1a1746a5827d1348f,1652350810.218192,tcp_upload_to_elasticsearch,ep_payment_cancel_payment
5ee50d08ad374490a144763ef1d63b76,1652350810.2187877,sc_update_cart,ep_orders_table_update
79ad71d8bcdd4fae9598da8db8c1abb5,1652350810.6123738,fmp_twitterddb,ep_payment_update_payment
86261f723a9f44ec805d6f55d2b84130,1652350810.7984731,sc_add_to_cart,ep_payment_process_payment
e4a56ea4bd9244d482f208e8e290a988,1652350810.799178,sc_delete_from_cart,ep_orders_on_event
515ef09ae3f149f98a5745bd960d8a17,1652350985.792324,df_union,fp_notification
7d847260cd044f408fbd468ef9bd2b46,1652350986.2899935,eo_gluerunner,fp_conversion
7faac0f9b4b2476f820c0bd94d857132,1652350986.2906785,tcp_download_podcast,fp_sentiment
d893cd0914874d87a116f272e4b32153,1652351314.7378833,ep_payment_validate,cs_bot
19b16f0d6b494373b04747295559cca5,1652351365.7839024,tcp_check_transcribe,tcp_process_podcast_rss
2add54e449c84cdeb02a1881e38c3415,1652351786.6745257,tcp_download_podcast,ep_orders_create_order
062af131bd6d40958dc2e843a6eda2b9,1652351786.675236,df_union,ep_products_table_update
4f3deeae2abe4556bd6c02ad34b51f14,1652351786.6760566,sc_update_cart,ep_users_sign_up
f10cf10840d443dabf0df32cd35fec69,1652351787.4736435,sc_add_to_cart,ep_payment_validate
db010979d5fd4f7c9516c31ab8905713,1652351787.4745185,sc_checkout_cart,ep_warehouse_on_order_events
330e16f587d84e8aa458ddab9e7747fe,1652351787.475358,fmp_twitter_streaming,ep_delivery_on_package_created
b8ea8917a1464db381bf4e64a5ff0e7b,1652351787.4761403,eo_ons3objectcreated,ep_products_validate
23cdd53f148f413cb1c0da277080b2ea,1652351788.6590705,eo_athenarunner,ep_orders_table_update
53354811a84f426bafddff461675d640,1652351788.6596859,sc_add_to_cart,ep_delivery_table_requests
57bede08813642eda156e445e7379715,1652351788.660308,fmp_twitter_streaming,ep_payment_cancel_payment
8ea96e17db134fc093864597012cd12a,1652351789.2724884,sc_migrate_cart,ep_orders_on_event
18a015829dfc4c068b770f9edce9b5d7,1652351789.2731047,eo_ons3objectcreated,ep_payment_process_payment
2450fcd32af749cf89a57ebe80abc4ac,1652351879.2698228,sc_list_cart,cs_bot
a5421082ccf4408c95fc9f3168eb929a,1652352570.4777696,tcp_process_podcast_rss,df_union
fa5d0ef0bfd949df8222d6549e7c9214,1652352787.1169443,fmp_twitterddb,fp_notification
72c3c4e6b71046ff9a7eacce6ea012c8,1652352787.6367292,tcp_check_transcribe,fp_conversion
9d59a7a3f7e448378c29eeb655a03b93,1652352787.6372957,sc_migrate_cart,fp_sentiment
9e169b4054224c0493bf68db8612ba83,1652352877.4070745,tcp_download_podcast,ep_orders_create_order
b904b769462e4fdfa59de1896d65c80b,1652352877.4079418,sc_checkout_cart,ep_users_sign_up
c03d6d298b3d4b138391e82f129af70c,1652352878.2230837,sc_migrate_cart,ep_warehouse_on_order_events
31c308e394384ea2a64a3c384bfbd294,1652352878.2238553,sc_update_cart,ep_delivery_on_package_created
af3ee3b2850844debed457cfdaa214e0,1652352878.2246969,df_union,ep_products_validate
1566cb9f177e428d9d8781f033dedc51,1652352878.225721,fmp_twitter_streaming,ep_payment_validate
1fecf987fd9f438a89fbdc489d469591,1652352878.7013643,fmp_twitterddb,ep_warehouse_table_update
285544991aa249038b8db177e047aad0,1652352879.4092405,sc_list_cart,ep_payment_cancel_payment
07b6f40ed4ff448cb7fba3b09078e77b,1652352879.4101472,eo_gluerunner,ep_delivery_table_requests
bbf35aa64fdf4067b7c84113e3d46362,1652352879.41103,sc_migrate_cart,ep_orders_table_update
1cd7761b28404b67ba5c7447412d9554,1652352879.8004303,tcp_check_transcribe,ep_payment_update_payment
f10c51204ef440069e869a1eef8063b8,1652352879.9853268,tcp_download_podcast,ep_payment_process_payment
d18ee37be0a84b69a3d65812db78f4e1,1652353032.0202143,ep_orders_on_event,tcp_process_podcast_rss
eb28f770aa2f40fba3f6388f476c4544,1652353439.8563497,sc_list_cart,ep_orders_create_order
95fcaa64768f49bca295561d68e45aff,1652353439.857019,eo_gluerunner,ep_users_sign_up
d89133fede92493ab625082b4825b4c2,1652353439.8577695,df_union,ep_products_table_update
9a5859de9103415783a8e4827d2c147a,1652353440.6920762,fmp_twitterddb,ep_products_validate
087fb4fc1973406b835ee35942554196,1652353440.6929107,sc_add_to_cart,ep_delivery_on_package_created
28a5eb35b8194523be11a0adee73e55b,1652353440.6937246,fmp_twitter_streaming,ep_warehouse_on_order_events
eac610e0197a4b168509049f1d5066d5,1652353441.1693463,eo_athenarunner,ep_warehouse_table_update
76f4c61dd6b849e4a708b95e2b558fd4,1652353441.874267,df_union,ep_delivery_table_requests
be04227acb8a4cf6bba6fea7234dd6b7,1652353441.8755815,sc_delete_from_cart,ep_orders_table_update
afb5beb6d5014945a375a374b0070a65,1652353442.480737,fmp_twitterddb,ep_orders_on_event
e4e778423f4b4a9bad2786d130b61cc3,1652353442.4813468,sc_update_cart,ep_payment_process_payment
ce25b6f76f1a416c87d684c9d6093bbc,1652353622.03195,tcp_check_transcribe,sc_update_cart
9c706d74ed7c4d97a68a5da14ce621f2,1652353757.3539727,sc_add_to_cart,eo_gluerunner
d1750a662e544219b462f4d1f19dca9d,1652353940.6670392,cer_lambda,fp_conversion
8e0462da34e54da595451dcff3813fe3,1652353940.667687,sc_delete_from_cart,fp_sentiment
62eb158d2d1246b79cabfbfb01465f9c,1652354122.6810584,sc_checkout_cart,tcp_check_transcribe
2739e53a26164a0d9410893371bc10f4,1652354123.4744117,sc_checkout_cart,tcp_process_podcast_rss
e0ac0aaa8eaa49ab9bbc6152a0c21665,1652354159.3265345,fmp_twitter_streaming,cs_bot
fe1c62139bc14f6288dbd6180d482dff,1652354356.407293,tcp_download_podcast,sc_list_cart
